{"cameraMode":{"drawMode":0,"name":"Shaded","section":"Shading Mode"},"sceneLighting":true,"audioPlay":false,"sceneViewState":{"showFog":false,"showMaterialUpdate":false,"showSkybox":false,"showFlares":false,"showImageEffects":false,"showParticleSystems":false},"in2DMode":false,"pivot":{"x":-9.882030487060547,"y":13.508013725280762,"z":-7.475333213806152},"rotation":{"x":0.12950339913368226,"y":0.7115990519523621,"z":-0.13611559569835664,"w":0.6770203113555908},"size":20.364038467407228,"orthographic":false}