{"cameraMode":{"drawMode":0,"name":"Shaded","section":"Shading Mode"},"sceneLighting":false,"audioPlay":false,"sceneViewState":{"showFog":true,"showMaterialUpdate":false,"showSkybox":false,"showFlares":true,"showImageEffects":true,"showParticleSystems":true},"in2DMode":false,"pivot":{"x":-11938.18359375,"y":0.45934462547302248,"z":25119.638671875},"rotation":{"x":0.07232402265071869,"y":0.926938533782959,"z":-0.27913451194763186,"w":0.24014295637607575},"size":42.96805191040039,"orthographic":false}