{"cameraMode":{"drawMode":0,"name":"Shaded","section":"Shading Mode"},"sceneLighting":false,"audioPlay":false,"sceneViewState":{"showFog":true,"showMaterialUpdate":false,"showSkybox":false,"showFlares":true,"showImageEffects":true,"showParticleSystems":true},"in2DMode":false,"pivot":{"x":-9.253922462463379,"y":9.960094451904297,"z":-0.9967350959777832},"rotation":{"x":0.07232402265071869,"y":0.926938533782959,"z":-0.27913451194763186,"w":0.24014295637607575},"size":2.8578836917877199,"orthographic":false}